Id,SalePrice
<<<<<<< HEAD
1461,169277.0524984
1462,187758.393988768
1463,183583.683569555
1464,179317.47751083
1465,150730.079976501
1466,177150.989247307
1467,172070.659229164
1468,175110.956519547
1469,162011.698831665
1470,160726.247831419
1471,157933.279456005
1472,145291.245020389
1473,159672.017631819
1474,164167.518301885
1475,150891.638244053
1476,179460.96518734
1477,185034.62891405
1478,182352.192644656
1479,183053.458213802
1480,187823.339254278
1481,186544.114327568
1482,158230.77520516
1483,190552.829321091
1484,147183.67487199
1485,185855.300905493
1486,174350.470676986
1487,201740.620690863
1488,162986.378895754
1489,162330.199085679
1490,165845.938616539
1491,180929.622876974
1492,163481.501519718
1493,187798.076714233
1494,198822.198942566
1495,194868.409899858
1496,152605.298564403
1497,147797.702836811
1498,150521.96899297
1499,146991.630153739
1500,150306.307814534
1501,151164.372534604
1502,151133.706960953
1503,156214.042540726
1504,171992.760735142
1505,173214.912549738
1506,192429.187345783
1507,190878.69508543
1508,194542.544135519
1509,191849.439072822
1510,176363.773907793
1511,176954.185412429
1512,176521.216975696
1513,179436.704810176
1514,220079.756777048
1515,175502.918109444
1516,188321.073833569
1517,163276.324450004
1518,185911.366293097
1519,171392.830997252
1520,174418.207020775
1521,179682.709603774
1522,179423.751581665
1523,171756.918091777
1524,166849.638174419
1525,181122.168676666
1526,170934.462746566
1527,159738.292580329
1528,174445.759557658
1529,174706.363659627
1530,164507.672539365
1531,163602.512172832
1532,154126.270249525
1533,171104.853481351
1534,167735.39270528
1535,183003.613338104
1536,172580.381161499
1537,165407.889104689
1538,176363.773907793
1539,175182.950898522
1540,190757.177789246
1541,167186.995771991
1542,167839.376779276
1543,173912.421165137
1544,154034.917445551
1545,156002.955794336
1546,168173.94329857
1547,168882.437104132
1548,168173.94329857
1549,157580.177551642
1550,181922.15256011
1551,155134.227842592
1552,188885.573319552
1553,183963.193012381
1554,161298.762306335
1555,188613.66763056
1556,175080.111822945
1557,174744.400305232
1558,168175.911336919
1559,182333.472575006
1560,158307.206742274
1561,193053.055502348
1562,175031.089987177
1563,160713.294602908
1564,173186.215014436
1565,191736.7598055
1566,170401.630997116
1567,164626.577880222
1568,205469.409444832
1569,209561.784211885
1570,182271.503072356
1571,178081.549427793
1572,178425.956138831
1573,162015.318511503
1574,181722.420373045
1575,156705.730169433
1576,182902.420342386
1577,157574.595395085
1578,184380.739100813
1579,169364.469225677
1580,175846.179822063
1581,189673.295302136
1582,174401.317715566
1583,179021.448718583
1584,189196.845337149
1585,139647.095720655
1586,161468.198288911
1587,171557.32317862
1588,179447.36804185
1589,169611.619017694
1590,172088.872655744
1591,171190.624128768
1592,154850.508361878
1593,158617.655719941
1594,209258.33693701
1595,177939.027626751
1596,194631.100299584
1597,213618.871562568
1598,198342.504228533
1599,138607.971472497
1600,150778.958976731
1601,146966.230339786
1602,162182.59620952
1603,176825.940961269
1604,152799.812402444
1605,180322.322067129
1606,177508.027228367
1607,208029.642652019
1608,181987.282510201
1609,160172.72797397
1610,176761.317654248
1611,176515.497545231
1612,176270.453065471
1613,183050.846258475
1614,150011.102062216
1615,159270.537808667
1616,163419.663729346
1617,163399.983345859
1618,173364.161505756
1619,169556.835902417
1620,183690.595995738
1621,176980.914909382
1622,204773.36222471
1623,174728.655998442
1624,181873.458244461
1625,177322.000823979
1626,193927.939041863
1627,181715.622732304
1628,199270.841200324
1629,177109.589956218
1630,153909.578271486
1631,162931.203336223
1632,166386.7567182
1633,173719.30379824
1634,179757.925656704
1635,179007.601964376
1636,180370.808623106
1637,185102.616730563
1638,198825.563452058
1639,184294.576009142
1640,200443.7920562
1641,181294.784484153
1642,174354.336267919
1643,172023.677781517
1644,181666.922855025
1645,179024.491269586
1646,178324.191575907
1647,184534.676687694
1648,159397.250378784
1649,178430.966728182
1650,177743.799385967
1651,179395.305519087
1652,151713.38474815
1653,151713.38474815
1654,168434.977996215
1655,153999.100311019
1656,164096.097354123
1657,166335.403036551
1658,163020.725375757
1659,155862.510668829
1660,182760.651095509
1661,201912.270622883
1662,185988.233987516
1663,183778.44888032
1664,170935.85921771
1665,184468.908382254
1666,191569.089663229
1667,232991.025583822
1668,180980.721388278
1669,164279.13048219
1670,183859.460411109
1671,185922.465682076
1672,191742.778119363
1673,199954.072465842
1674,180690.274752587
1675,163099.3096358
1676,140791.922472443
1677,166481.86647592
1678,172080.434496773
1679,191719.161659178
1680,160741.098612515
1681,157829.546854733
1682,196896.748596341
1683,159675.423990355
1684,182084.790901946
1685,179233.926374487
1686,155774.270901623
1687,181354.326716058
1688,179605.563663918
1689,181609.34866147
1690,178221.531623281
1691,175559.920735795
1692,200328.822792041
1693,178630.060559899
1694,177174.535221728
1695,172515.687368714
1696,204032.992922943
1697,176023.232787689
1698,202202.073341595
1699,181734.480075862
1700,183982.158993126
1701,188007.94241481
1702,185922.966763517
1703,183978.544874918
1704,177199.618638821
1705,181878.647956764
1706,173622.088728263
1707,180728.168562655
1708,176477.026606328
1709,184282.266697609
1710,162062.47538448
1711,182550.070992189
1712,180987.949624695
1713,178173.79762147
1714,179980.635948606
1715,173257.637826205
1716,177271.291059307
1717,175338.355442312
1718,177548.140549508
1719,175969.91662932
1720,175011.481953462
1721,185199.372568143
1722,188514.050228937
1723,185080.145268797
1724,157304.402574096
1725,194260.859481297
1726,181262.329995106
1727,157003.292706732
1728,182924.499359899
1729,181902.586375439
1730,188985.371708134
1731,185290.904495068
1732,177304.425752748
1733,166274.900490809
1734,177807.420530107
1735,180330.624816201
1736,179069.112234629
1737,175943.371816948
1738,185199.050609653
1739,167350.910824524
1740,149315.311876449
1741,139010.847766793
1742,155412.151845447
1743,171308.313985441
1744,176220.543265638
1745,177643.434991809
1746,187222.653264601
1747,185635.132083154
1748,206492.534215854
1749,181681.021081956
1750,180500.198072685
1751,206486.17086841
1752,161334.301195429
1753,176156.558313965
1754,191642.223478994
1755,191945.808027777
1756,164146.306037354
1757,179883.057071096
1758,178071.137668844
1759,188241.637896875
1760,174559.656173171
1761,182347.363042264
1762,191507.251872857
1763,199751.865597358
1764,162106.416145131
1765,164575.982314367
1766,179176.352180931
1767,177327.403857584
1768,177818.083761781
1769,186965.204048443
1770,178762.742169197
1771,183322.866146283
1772,178903.295931891
1773,186570.129421778
1774,199144.242829024
1775,172154.713310956
1776,177444.019201603
1777,166200.938073485
1778,158995.770555632
1779,168273.282454755
1780,189680.453052788
1781,181681.021081956
1782,160277.142643643
1783,197318.54715833
1784,162228.935604196
1785,187340.455456083
1786,181065.347037275
1787,190233.609102705
1788,157929.594852031
1789,168557.001935469
1790,160805.584645628
1791,221648.391978216
1792,180539.88079815
1793,182105.616283853
1794,166380.852603154
1795,178942.155617426
1796,162804.747800461
1797,183077.684392615
1798,171728.4720292
1799,164786.741540638
1800,177427.267170302
1801,197318.54715833
1802,178658.114178223
1803,185437.320523764
1804,169759.652489529
1805,173986.635055186
1806,168607.664289468
1807,194138.519145183
1808,192502.440921994
1809,176746.969818601
1810,177604.891703134
1811,193283.746584832
1812,181627.061006609
1813,169071.62025834
1814,167398.006470987
1815,150106.505141704
1816,159650.304285848
1817,179471.23597476
1818,177109.589956218
1819,166558.113328453
1820,153796.714319583
1821,174520.152570658
1822,196297.95829524
1823,169100.681601175
1824,176911.319164431
1825,169234.6454828
1826,172386.297919134
1827,156031.904802362
1828,168202.892306596
1829,166505.984017547
1830,176507.37022149
1831,180116.752553161
1832,183072.740591406
1833,189595.964677698
1834,167523.919076265
1835,210817.775863413
1836,172942.930813351
1837,145286.278144089
1838,176468.653371492
1839,159040.069562187
1840,178518.204332507
1841,169163.980786825
1842,189786.685274579
1843,181246.728523853
1844,176349.927153587
1845,205266.631009142
1846,187397.993362224
1847,208943.427726113
1848,165014.532907657
1849,182492.037566236
1850,161718.71259042
1851,180084.118941162
1852,178534.950802179
1853,151217.259961305
1854,156342.717587562
1855,188511.443835239
1856,183570.337896789
1857,225810.160292177
1858,214217.401131694
1859,187665.64101603
1860,161157.177744039
1861,187643.992594193
1862,228156.372839158
1863,220449.534665317
1864,220522.352084222
1865,156647.763531624
1866,187388.833374873
1867,178640.723791573
1868,180847.216739049
1869,159505.170529478
1870,164305.538020654
1871,180181.19673723
1872,184602.734989972
1873,193440.372174434
1874,184199.788209911
1875,196241.892907637
1876,175588.618271096
1877,179503.046546829
1878,183658.076582555
1879,193700.976276404
1880,165399.62450704
1881,186847.944787446
1882,198127.73287817
1883,183320.898107934
1884,181613.606696657
1885,178298.791761954
1886,185733.534000593
1887,180008.188485489
1888,175127.59621604
1889,183467.176862723
1890,182705.546021743
1891,152324.943593181
1892,169878.515981342
1893,183735.975076576
1894,224118.280105941
1895,169355.202465146
1896,180054.276407441
1897,174081.601977368
1898,168494.985022146
1899,181871.598843299
1900,173554.489658383
1901,169805.382165577
1902,176192.990728755
1903,204264.39284654
1904,169630.906956928
1905,185724.838807268
1906,195699.036281861
1907,189494.276162169
1908,149607.905673439
1909,154650.199045978
1910,151579.558140433
1911,185147.380531144
1912,196314.53120359
1913,210802.395364155
1914,166271.2863726
1915,154865.359142973
1916,173575.5052865
1917,179399.563554274
1918,164280.776562049
1919,171247.48948121
1920,166878.587182445
1921,188129.459710994
1922,183517.34369691
1923,175522.026925727
1924,190060.105331152
1925,174179.824771856
1926,171059.523675194
1927,183004.186769318
1928,183601.647387418
1929,163539.327185998
1930,164677.676391525
1931,162395.073865424
1932,182207.6323195
1933,192223.939790304
1934,176391.829390125
1935,181913.179121348
1936,179136.097888261
1937,196595.568243212
1938,194822.365690957
1939,148356.669440918
1940,160387.604263899
1941,181276.500571809
1942,192474.817899346
1943,157699.907796437
1944,215785.540813051
1945,181824.300998793
1946,221813.00948166
1947,165281.292597397
1948,255629.49047034
1949,173154.590990955
1950,183884.65246539
1951,200210.353608489
1952,186599.221265342
1953,192718.532696106
1954,178628.665952764
1955,180650.342418406
1956,206003.107947263
1957,166457.67844853
1958,202916.221653487
1959,192463.969983091
1960,171775.497189898
1961,175249.222149411
1962,147086.59893993
1963,149709.672100371
1964,171411.404533743
1965,178188.964799425
1966,156491.711373235
1967,180953.241201168
1968,203909.759061135
1969,175470.149087545
1970,205578.333622415
1971,199428.857699441
1972,187599.163869476
1973,192265.198109864
1974,196666.554897677
1975,155537.862252682
1976,169543.240620935
1977,202487.010170501
1978,208232.716273485
1979,173621.195202569
1980,172414.608571812
1981,164400.75641556
1982,160480.424024781
1983,156060.853810389
1984,157437.192820581
1985,158163.720929772
1986,154849.043268978
1987,152186.609341561
1988,180340.215399228
1989,178344.62451356
1990,190170.382266827
1991,168092.975480832
1992,178757.912566805
1993,174518.256882082
1994,198168.490116289
1995,176882.693978902
1996,183801.672896251
1997,196400.046680661
1998,172281.605004025
1999,196380.366297173
2000,198228.354306682
2001,195556.581268962
2002,186453.264469043
2003,181869.381196234
2004,175610.840124147
2005,183438.730800145
2006,179584.488673295
2007,182386.152242034
2008,160750.367237054
2009,182477.505046008
2010,187720.359207171
2011,187201.942081511
2012,176385.102235149
2013,175901.787841278
2014,182584.280198283
2015,195664.686104237
2016,181420.346494222
2017,176676.04995228
2018,181594.678867334
2019,178521.747964951
2020,175895.883726231
2021,168468.005916477
2022,200973.129447888
2023,197030.641992202
2024,192867.417844592
2025,196449.247639381
2026,141684.196398607
2027,153353.334123901
2028,151143.549016705
2029,163753.087114229
2030,158682.460013921
2031,144959.835250915
2032,160144.390548579
2033,156286.534303521
2034,165726.707619571
2035,182427.481047359
2036,173310.56154032
2037,173310.56154032
2038,151556.01403002
2039,158908.146068683
2040,209834.383092536
2041,192410.516550815
2042,174026.247294886
2043,195499.830115336
2044,200918.018812493
2045,207243.616023976
2046,196149.783851876
2047,192097.914850217
2048,178570.948923671
2049,228617.968325428
2050,199929.884438451
2051,160206.365612859
2052,179854.431885567
2053,185987.340461822
2054,161122.505607926
2055,175949.342720138
2056,183683.590595324
2057,176401.34762338
2058,205832.532527897
2059,177799.799849436
2060,167565.362080406
2061,186348.958436557
2062,179782.759465081
2063,169837.623333323
2064,178817.275675758
2065,174444.479149339
2066,192834.968917174
2067,196564.717984981
2068,206977.567039357
2069,157054.253944128
2070,175142.948078577
2071,159932.1643654
2072,182801.408333628
2073,181510.375176825
2074,181613.035129451
2075,186920.512597635
2076,157950.170625222
2077,176115.159022876
2078,182744.514344465
2079,180660.683691591
2080,160775.629777099
2081,186711.715848082
2082,223581.758190888
2083,172330.943236652
2084,163474.633393212
2085,175308.263299874
2086,187462.725306432
2087,180655.101535034
2088,152121.98603454
2089,159856.233909727
2090,186559.854936737
2091,183962.550959411
2092,162107.168699296
2093,162582.288981283
2094,154407.701597409
2095,181625.666399474
2096,164810.609473548
2097,176429.401241704
2098,179188.089925259
2099,145997.635377703
2100,218676.768270367
2101,188323.861214226
2102,168690.0722914
2103,165088.746797705
2104,191435.007885166
2105,168864.404664512
2106,176041.882371574
2107,215911.674390325
2108,167388.238629016
2109,163854.786753017
2110,163299.477980171
2111,178298.214633119
2112,176376.586164775
2113,170211.043976522
2114,170818.344786366
2115,174388.867432503
2116,161112.987374671
2117,172179.082325307
2118,157798.309713876
2119,169106.151422924
2120,170129.531364292
2121,157680.227412949
2122,162690.209131977
2123,146968.379365095
2124,181507.721372455
2125,191215.589752983
2126,189432.689844522
2127,207271.484957719
2128,170030.807488363
2129,148409.806476335
2130,193850.613979055
2131,193808.319298263
2132,166300.235380627
2133,163474.633393212
2134,177473.606564978
2135,157443.925537187
2136,180681.007992057
2137,183463.17030026
2138,182481.763081195
2139,193717.15117887
2140,182782.55099007
2141,175530.651633287
2142,177804.057884623
2143,159448.670848577
2144,181338.976717529
2145,178553.558537021
2146,162820.928264556
2147,188832.479997186
2148,164682.185899437
2149,181549.735943801
2150,199158.097008868
2151,152889.520990566
2152,181150.551679116
2153,181416.732376013
2154,164391.238182305
2155,185421.046498812
2156,193981.327550004
2157,178824.324789223
2158,209270.051606246
2159,177801.266806344
2160,179053.762236101
2161,178762.170601992
2162,184655.300458183
2163,191284.655779772
2164,179598.085818785
2165,167517.628078595
2166,182873.903794044
2167,177484.91371363
2168,188444.597319524
2169,179184.153848562
2170,184365.175780982
2171,184479.322005212
2172,182927.863869391
2173,178611.639373646
2174,181943.343613558
2175,175080.614768394
2176,190720.794649138
2177,198422.868144723
2178,184482.11308349
2179,139214.952187861
2180,169233.113601757
2181,180664.118686848
2182,178818.742632666
2183,180422.049969947
2184,178601.93645581
2185,183083.159775993
2186,173163.101499699
2187,185968.161159774
2188,171226.050683054
2189,281643.976116786
2190,160031.711281258
2191,162775.979779394
2192,160735.445970193
2193,166646.109048572
2194,188384.548444549
2195,165830.697255197
2196,182138.358533039
2197,171595.397975647
2198,160337.079183809
2199,191215.088671543
2200,166956.093232213
2201,186581.830878692
2202,176450.548582099
2203,193743.194909801
2204,198882.566078408
2205,176385.102235149
2206,162447.639333636
2207,193782.555676777
2208,183653.890897141
2209,210578.623546866
2210,158527.164107319
2211,163081.025723456
2212,174388.867432503
2213,191905.870131966
2214,174388.867432503
2215,161642.711648983
2216,186939.507215101
2217,172482.165792649
2218,159695.999763546
2219,157230.369671007
2220,179188.089925259
2221,157972.82120994
2222,156804.951429181
2223,211491.972463654
2224,186537.246201062
2225,200468.161070551
2226,182241.340444154
2227,157342.225898399
2228,182022.387105998
2229,181244.510876788
2230,178556.671573788
2231,189547.199876284
2232,187948.65165563
2233,194107.287565956
2234,183521.710369283
2235,183682.123638416
2236,178483.353073443
2237,184003.879764736
2238,171318.59033449
2239,162039.754313997
2240,154846.252190699
2241,194822.365690957
2242,169788.738771463
2243,178891.554489941
2244,152084.772428865
2245,139169.86642879
2246,192439.536044606
2247,161067.859766557
2248,158762.648504781
2249,175569.690441774
2250,183659.795012187
2251,280618.132617258
2252,180051.809151659
2253,176519.18031559
2254,179028.429210291
2255,177161.583857224
2256,180081.508849842
2257,205895.254584712
2258,183389.78131415
2259,178543.647859512
2260,194798.320499104
2261,162845.613675766
2262,148103.867006579
2263,201016.171121215
2264,277936.12694354
2265,249768.279823405
2266,161596.052159825
2267,158011.114889899
2268,194089.683858004
2269,181733.336941451
2270,182852.32772198
2271,189893.003058465
2272,194650.210979875
2273,187904.461286262
2274,171774.925622692
2275,177998.685921479
2276,175648.484325498
2277,196918.071362067
2278,184299.838071218
2279,182379.855682734
2280,184050.725802482
2281,158296.975970284
2282,175053.355553278
2283,162293.376090644
2284,186328.880047186
2285,151422.116936538
2286,181969.358707768
2287,189122.67702416
2288,185645.475220346
2289,182829.898109257
2290,195848.788183328
2291,198785.059550672
2292,181676.126555428
2293,194131.012663328
2294,201416.004864508
2295,185096.577205616
2296,195158.972598372
2297,184795.783735112
2298,189168.263864671
2299,216855.260149095
2300,184946.642483576
2301,189317.51282069
2302,180803.277842406
2303,175061.18585763
2304,179074.839090732
2305,145708.764336107
2306,142398.022752011
2307,161474.534863641
2308,157025.945155458
2309,163424.037827357
2310,164692.778645345
2311,152163.2443541
2312,192383.215486656
2313,182520.230322476
2314,187254.507549722
2315,176489.659740359
2316,181520.466841293
2317,186414.978214721
2318,185197.764639705
2319,178657.794083741
2320,179731.198023759
2321,161748.271317074
2322,158608.749069322
2323,178807.370559878
2324,184187.158803897
2325,181686.10402108
2326,190311.050228337
2327,192252.496354076
2328,193954.849525775
2329,181044.201560887
2330,180258.131219792
2331,199641.657313834
2332,197530.775205517
2333,191777.196949138
2334,195779.543033588
2335,202112.046522999
2336,192343.34807661
2337,185191.359443218
2338,186760.207965688
2339,177733.78193528
2340,164430.391189608
2341,185299.601552401
2342,186414.012339254
2343,176401.921054593
2344,182381.322639642
2345,176334.184710805
2346,184901.735847457
2347,180085.766885029
2348,184901.735847457
2349,183967.561548763
2350,193046.301574659
2351,168538.969495849
2352,170157.842016969
2353,196559.709259637
2354,177133.709361852
2355,181553.279576244
2356,185770.606634739
2357,177017.595099274
2358,184123.358536806
2359,165970.357492196
2360,158151.985049452
2361,177086.476441481
2362,196373.896176551
2363,172465.707083115
2364,168590.782409896
2365,158820.474171061
2366,151611.37057651
2367,152125.028585543
2368,158404.073081048
2369,160692.078640755
2370,170175.22684199
2371,169854.436591138
2372,183410.785819008
2373,180347.194026928
2374,178930.528374292
2375,153346.220086301
2376,182675.204270589
2377,180770.649792036
2378,188714.148087543
2379,191393.608594076
2380,174016.157494425
2381,183189.685319552
2382,183621.508757866
2383,168991.29635758
2384,185306.650665866
2385,189030.680303208
2386,179208.665698449
2387,174901.452792889
2388,168337.406544343
2389,158234.96461859
2390,179562.453368834
2391,174176.391640607
2392,173931.531845427
2393,184111.729429665
2394,179374.482001188
2395,207348.811884535
2396,186983.419339031
2397,206779.094049527
2398,177472.074683935
2399,156727.948324862
2400,157090.568462479
2401,160387.032696693
2402,172410.28005086
2403,191603.365657467
2404,182152.207151253
2405,180161.697340702
2406,169652.235284283
2407,182503.520140218
2408,179714.630677039
2409,180282.570719908
2410,192600.338060371
2411,166115.491248565
2412,186379.553524443
2413,184361.992258449
2414,186220.965458121
2415,198176.47090687
2416,168437.776500131
2417,178003.582312015
2418,179180.469244588
2419,191930.561104806
2420,175590.266214964
2421,176713.19307219
2422,180159.090947005
2423,188090.100808026
2424,186184.717727913
2425,223055.588672278
2426,158270.753116401
2427,184733.12846644
2428,199926.378957429
2429,175075.785166001
2430,180917.925148076
2431,182067.760625207
2432,178238.60191545
2433,173454.944606532
2434,176821.936262814
2435,183642.191304235
2436,177254.582741058
2437,168715.950111702
2438,180096.931198144
2439,160620.728178758
2440,175286.544392273
2441,153494.783276297
2442,156407.65915545
2443,162162.525245786
2444,166809.886827197
2445,172929.156408918
2446,193514.330894137
2447,181612.141603756
2448,191745.386377068
2449,171369.325038261
2450,184425.470567051
2451,170563.252355189
2452,184522.369240168
2453,164968.947931153
2454,157939.621592364
2455,151520.381580069
2456,176129.508722531
2457,171112.978971478
2458,169762.081624282
2459,162246.828936295
2460,171339.303381589
2461,189034.753653813
2462,175758.873595981
2463,163351.721489893
2464,189806.546645026
2465,175370.990918319
2466,196895.599900301
2467,176905.917994834
2468,176866.557227858
2469,163590.677170026
2470,212693.502958393
2471,192686.931747717
2472,181578.684951827
2473,166475.457581812
2474,185998.255166219
2475,185527.714877908
2476,159027.118197683
2477,181169.654933769
2478,176732.915304722
2479,191619.294648838
2480,189114.303789324
2481,180934.635330334
2482,164573.372223048
2483,173902.011270196
2484,165625.127741229
2485,179555.219570787
2486,196899.720661579
2487,207566.12470446
2488,163899.981149274
2489,189179.428177786
2490,193892.880023125
2491,178980.874331431
2492,179749.876244365
2493,197999.674975598
2494,203717.470295797
2495,185249.261156892
2496,201691.208274848
2497,181956.548314794
2498,171895.936275806
2499,187245.168439419
2500,157816.77461318
2501,191702.912573325
2502,198599.420028908
2503,187193.313676329
2504,220514.993999535
2505,181814.527595192
2506,183750.755371907
2507,183000.431679579
2508,185830.971906573
2509,185497.872344187
2510,179613.437681321
2511,164454.967963631
2512,185127.237217638
2513,178750.613844623
2514,160927.61044889
2515,192562.808057836
2516,180990.24148554
2517,180064.941503122
2518,196070.997393789
2519,180352.919019023
2520,183367.953769362
2521,176734.841494027
2522,180848.220765939
2523,187806.059368823
2524,180521.52640004
2525,181502.754496154
2526,174525.87942676
2527,188927.984063168
2528,184728.870431253
2529,179857.975518011
2530,180962.868071609
2531,179194.066390078
2532,179591.789259484
2533,180638.463702549
2534,185846.215131922
2535,195174.031139141
2536,192474.56829063
2537,164200.595496827
2538,178403.094096818
2539,170774.84018302
2540,179879.945898337
2541,177668.192752792
2542,180174.328610725
2543,170643.303572141
2544,165448.004289838
2545,195531.754886222
2546,165314.177682121
2547,172532.757660882
2548,203310.218069877
2549,175090.062515883
2550,230841.338626282
2551,155225.19006632
2552,168322.342441945
2553,165956.259265265
2554,193956.817564124
2555,171070.367893827
2556,166285.243628001
2557,182875.801346628
2558,218108.536769738
2559,174378.777632042
2560,164731.316372391
2561,156969.695083273
2562,173388.854342604
2563,177559.628685119
2564,194297.789279905
2565,174894.588364005
2566,196544.144075798
2567,179036.158528149
2568,211423.986511149
2569,208156.398935188
2570,159233.941347257
2571,210820.115134931
2572,140196.10979821
2573,198678.469082978
2574,186818.610760803
2575,175044.797633861
2576,180031.162892704
2577,176889.171525162
2578,159638.856165666
2579,154287.264375509
2580,191885.618181273
2581,177503.378612934
2582,166548.31684976
2583,164475.14942856
2584,167484.744857879
2585,188683.160555403
2586,162243.399502668
2587,180807.213919103
2588,176279.079637039
2589,163438.959094218
2590,161495.5393685
2591,216032.303722443
2592,176632.181541401
2593,168743.001567144
2594,183810.11848086
2595,156794.36054728
2596,169136.43011395
2597,183203.318752456
2598,213252.926930889
2599,190550.327866959
2600,234707.209860273
2601,135751.318892816
2602,164228.45886894
2603,153219.437030419
2604,164210.746523801
2605,163883.229117973
2606,154892.776269956
2607,197092.08733832
2608,228148.376399122
2609,178680.587503997
2610,165643.341167808
2611,222406.642660249
2612,184021.843582599
2613,170871.094939159
2614,189562.873697309
2615,170591.884966356
2616,172934.351682851
2617,186425.069879189
2618,218648.131133006
2619,183035.606761141
2620,178378.906069427
2621,184516.716597846
2622,181419.5253183
2623,196858.923438425
2624,189228.701486278
2625,208973.380761028
2626,180269.86896412
2627,159488.713683953
2628,191490.299507521
2629,228684.245137946
2630,201842.998700429
2631,209242.82289186
2632,202357.62258493
2633,168238.61218265
2634,202524.12465369
2635,170588.771929588
2636,198375.31512987
2637,170636.827889889
2638,181991.079479377
2639,183994.54251844
2640,182951.482193584
2641,174126.297156192
2642,170575.496742588
2643,175332.239869971
2644,167522.061539111
2645,168095.583738538
2646,154406.415627461
2647,170996.973346087
2648,159056.890245639
2649,181373.6165193
2650,152272.560975937
2651,168664.346821336
2652,211007.008292301
2653,182909.515032911
2654,203926.829353303
2655,179082.825442944
2656,206260.099795032
2657,181732.443415757
2658,189698.740693148
2659,203074.34678979
2660,201670.634365666
2661,173756.812589691
2662,181387.076390881
2663,184859.155270535
2664,158313.615666777
2665,151951.955409666
2666,162537.52704471
2667,178998.337067854
2668,186732.584943041
2669,187323.318406165
2670,199437.232798284
2671,185546.680858653
2672,161595.015798593
2673,154672.422763036
2674,159355.710116165
2675,155919.014077746
2676,182424.87095604
2677,178100.589622319
2678,202577.900044456
2679,177862.778940605
2680,182056.024744887
2681,191403.199177104
2682,196264.754980043
2683,209375.003419718
2684,196691.81930173
2685,192458.431539585
2686,182242.80926507
2687,183259.503900506
2688,188108.243748841
2689,171418.640195797
2690,194698.882220432
2691,174841.84007522
2692,172965.476488899
2693,189386.323677132
2694,185682.618340257
2695,176412.012719061
2696,174976.489722867
2697,180718.581707643
2698,186131.188248242
2699,165220.786354033
2700,164115.893800435
2701,182125.729127024
2702,182285.140233276
2703,196325.442210366
2704,164865.215329881
2705,182694.492209823
2706,185425.485520958
2707,171414.7041191
2708,183433.472466085
2709,176844.981155794
2710,180568.187753206
2711,185948.625475832
2712,189388.291715481
2713,142754.489165865
2714,156106.800760811
2715,155895.397617561
2716,159851.977738548
2717,185157.832305524
2718,180716.291710805
2719,176901.093954071
2720,181017.222455218
2721,183269.159407668
2722,193550.830097069
2723,170625.842699726
2724,182012.405942725
2725,179162.507290733
2726,183269.159407668
2727,180589.836175042
2728,181465.935198741
2729,196053.029878304
2730,183421.020319014
2731,167926.839083612
2732,168027.530997889
2733,182164.26685407
2734,172469.071592608
2735,181059.374300472
2736,182997.570115536
2737,166140.504179894
2738,198515.546934075
2739,193789.648503294
2740,173550.025727531
2741,176487.943174734
2742,188813.302559147
2743,178531.911979192
2744,182145.731469001
2745,179196.465024103
2746,169618.349900686
2747,170010.168655046
2748,181739.671652174
2749,172846.934955574
2750,195560.8830172
2751,180358.114292956
2752,211817.702818093
2753,176170.128686742
2754,234492.248263699
2755,182450.956536015
2756,174902.068073146
2757,173684.174293738
2758,147196.673677562
2759,175231.189709791
2760,193417.64740633
2761,183313.601249761
2762,180882.250849082
2763,186735.697979808
2764,172922.865411247
2765,202551.677190573
2766,190485.634074173
2767,173439.49362151
2768,196613.598849219
2769,178152.259700828
2770,174519.904825949
2771,172627.796932837
2772,173732.689486435
2773,209219.844787023
2774,181059.374300472
2775,188515.443002459
2776,182164.26685407
2777,188137.901597981
2778,158893.54306269
2779,189579.65066771
2780,165229.803505847
2781,162186.071220207
2782,166374.879866351
2783,161665.184974757
2784,175079.328798445
2785,203840.874021305
2786,152129.078861057
2787,181012.141380101
2788,161305.53503837
2789,203326.392972343
2790,168385.571141831
2791,183564.365159986
2792,163784.619440861
2793,171989.192193993
2794,180839.95616829
2795,170895.923185907
2796,174071.054808518
2797,259423.859147546
2798,188000.824679588
2799,179171.703565498
2800,171022.241447762
2801,174126.297156192
2802,187625.573271948
2803,199567.946369234
2804,205328.078219268
2805,166231.535025379
2806,154743.91606057
2807,159714.537012622
2808,185563.069082422
2809,171500.796725006
2810,180983.443844799
2811,183141.236914997
2812,178498.634450214
2813,224323.710512388
2814,218200.642127877
2815,182283.177756557
2816,190054.639237419
2817,160192.453934518
2818,171289.393581756
2819,151131.098733642
2820,181721.458225594
2821,172725.053851858
2822,222438.699143414
2823,235419.373448928
2824,185150.926027596
2825,184772.239624699
2826,180658.216435809
2827,209673.316647174
2828,205939.810625621
2829,165633.573325837
2830,186030.317211014
2831,160312.319589212
2832,190702.440251029
2833,175122.810326699
2834,183783.13937519
2835,178290.666302221
2836,181605.343963015
2837,187992.451444752
2838,188885.11781517
2839,189959.344795118
2840,179258.619211334
2841,181518.750275669
2842,193008.659237315
2843,186313.89385619
2844,181499.39185067
2845,174126.297156192
2846,183918.612062767
2847,184114.270899227
2848,158540.947801398
2849,197034.759055859
2850,185170.284452595
2851,221134.533635148
2852,184306.637575967
2853,199792.302740996
2854,143237.803559736
2855,177294.838897736
2856,182368.620883855
2857,176487.943174734
2858,183849.408762071
2859,184964.141507413
2860,196395.969632434
2861,188374.936650438
2862,176261.296806135
2863,163628.142248426
2864,180618.032628904
2865,161647.329794081
2866,167129.598867773
2867,174750.988352687
2868,177560.202116333
2869,192577.796112839
2870,199202.898960871
2871,182818.156667308
2872,148217.262540651
2873,188997.797082492
2874,185807.928877601
2875,177030.477842021
2876,175942.474593632
2877,172912.518576433
2878,198359.248864591
2879,184379.133036383
2880,194255.566948886
2881,209449.651603064
2882,169979.323958443
2883,188206.281858748
2884,186412.438609167
2885,196761.386409959
2886,208353.269558209
2887,166548.067241044
2888,175942.474593632
2889,166790.457916434
2890,160515.850579067
2891,192167.621096362
2892,178751.551083369
2893,198678.894117024
2894,164553.120272354
2895,156887.932862327
2896,164185.777305524
2897,212992.120630876
2898,197468.550532521
2899,180106.84373966
2900,183972.071056674
2901,245283.198337927
2902,170351.963410756
2903,195596.307707478
2904,189369.756330412
2905,223667.404551664
2906,169335.310624364
2907,167411.02835165
2908,187709.555003968
2909,196526.002998991
2910,137402.569855589
2911,165086.775061735
2912,188506.431412274
2913,172917.456816012
2914,166274.325225982
2915,167081.220948984
2916,164788.778231138
2917,219222.423400059
2918,184924.279658997
2919,187741.866657478
=======
1461,180921.19589041095
1462,180921.19589041095
1463,180921.19589041095
1464,180921.19589041095
1465,180921.19589041095
1466,180921.19589041095
1467,180921.19589041095
1468,180921.19589041095
1469,180921.19589041095
1470,180921.19589041095
1471,180921.19589041095
1472,180921.19589041095
1473,180921.19589041095
1474,180921.19589041095
1475,180921.19589041095
1476,180921.19589041095
1477,180921.19589041095
1478,180921.19589041095
1479,180921.19589041095
1480,180921.19589041095
1481,180921.19589041095
1482,180921.19589041095
1483,180921.19589041095
1484,180921.19589041095
1485,180921.19589041095
1486,180921.19589041095
1487,180921.19589041095
1488,180921.19589041095
1489,180921.19589041095
1490,180921.19589041095
1491,180921.19589041095
1492,180921.19589041095
1493,180921.19589041095
1494,180921.19589041095
1495,180921.19589041095
1496,180921.19589041095
1497,180921.19589041095
1498,180921.19589041095
1499,180921.19589041095
1500,180921.19589041095
1501,180921.19589041095
1502,180921.19589041095
1503,180921.19589041095
1504,180921.19589041095
1505,180921.19589041095
1506,180921.19589041095
1507,180921.19589041095
1508,180921.19589041095
1509,180921.19589041095
1510,180921.19589041095
1511,180921.19589041095
1512,180921.19589041095
1513,180921.19589041095
1514,180921.19589041095
1515,180921.19589041095
1516,180921.19589041095
1517,180921.19589041095
1518,180921.19589041095
1519,180921.19589041095
1520,180921.19589041095
1521,180921.19589041095
1522,180921.19589041095
1523,180921.19589041095
1524,180921.19589041095
1525,180921.19589041095
1526,180921.19589041095
1527,180921.19589041095
1528,180921.19589041095
1529,180921.19589041095
1530,180921.19589041095
1531,180921.19589041095
1532,180921.19589041095
1533,180921.19589041095
1534,180921.19589041095
1535,180921.19589041095
1536,180921.19589041095
1537,180921.19589041095
1538,180921.19589041095
1539,180921.19589041095
1540,180921.19589041095
1541,180921.19589041095
1542,180921.19589041095
1543,180921.19589041095
1544,180921.19589041095
1545,180921.19589041095
1546,180921.19589041095
1547,180921.19589041095
1548,180921.19589041095
1549,180921.19589041095
1550,180921.19589041095
1551,180921.19589041095
1552,180921.19589041095
1553,180921.19589041095
1554,180921.19589041095
1555,180921.19589041095
1556,180921.19589041095
1557,180921.19589041095
1558,180921.19589041095
1559,180921.19589041095
1560,180921.19589041095
1561,180921.19589041095
1562,180921.19589041095
1563,180921.19589041095
1564,180921.19589041095
1565,180921.19589041095
1566,180921.19589041095
1567,180921.19589041095
1568,180921.19589041095
1569,180921.19589041095
1570,180921.19589041095
1571,180921.19589041095
1572,180921.19589041095
1573,180921.19589041095
1574,180921.19589041095
1575,180921.19589041095
1576,180921.19589041095
1577,180921.19589041095
1578,180921.19589041095
1579,180921.19589041095
1580,180921.19589041095
1581,180921.19589041095
1582,180921.19589041095
1583,180921.19589041095
1584,180921.19589041095
1585,180921.19589041095
1586,180921.19589041095
1587,180921.19589041095
1588,180921.19589041095
1589,180921.19589041095
1590,180921.19589041095
1591,180921.19589041095
1592,180921.19589041095
1593,180921.19589041095
1594,180921.19589041095
1595,180921.19589041095
1596,180921.19589041095
1597,180921.19589041095
1598,180921.19589041095
1599,180921.19589041095
1600,180921.19589041095
1601,180921.19589041095
1602,180921.19589041095
1603,180921.19589041095
1604,180921.19589041095
1605,180921.19589041095
1606,180921.19589041095
1607,180921.19589041095
1608,180921.19589041095
1609,180921.19589041095
1610,180921.19589041095
1611,180921.19589041095
1612,180921.19589041095
1613,180921.19589041095
1614,180921.19589041095
1615,180921.19589041095
1616,180921.19589041095
1617,180921.19589041095
1618,180921.19589041095
1619,180921.19589041095
1620,180921.19589041095
1621,180921.19589041095
1622,180921.19589041095
1623,180921.19589041095
1624,180921.19589041095
1625,180921.19589041095
1626,180921.19589041095
1627,180921.19589041095
1628,180921.19589041095
1629,180921.19589041095
1630,180921.19589041095
1631,180921.19589041095
1632,180921.19589041095
1633,180921.19589041095
1634,180921.19589041095
1635,180921.19589041095
1636,180921.19589041095
1637,180921.19589041095
1638,180921.19589041095
1639,180921.19589041095
1640,180921.19589041095
1641,180921.19589041095
1642,180921.19589041095
1643,180921.19589041095
1644,180921.19589041095
1645,180921.19589041095
1646,180921.19589041095
1647,180921.19589041095
1648,180921.19589041095
1649,180921.19589041095
1650,180921.19589041095
1651,180921.19589041095
1652,180921.19589041095
1653,180921.19589041095
1654,180921.19589041095
1655,180921.19589041095
1656,180921.19589041095
1657,180921.19589041095
1658,180921.19589041095
1659,180921.19589041095
1660,180921.19589041095
1661,180921.19589041095
1662,180921.19589041095
1663,180921.19589041095
1664,180921.19589041095
1665,180921.19589041095
1666,180921.19589041095
1667,180921.19589041095
1668,180921.19589041095
1669,180921.19589041095
1670,180921.19589041095
1671,180921.19589041095
1672,180921.19589041095
1673,180921.19589041095
1674,180921.19589041095
1675,180921.19589041095
1676,180921.19589041095
1677,180921.19589041095
1678,180921.19589041095
1679,180921.19589041095
1680,180921.19589041095
1681,180921.19589041095
1682,180921.19589041095
1683,180921.19589041095
1684,180921.19589041095
1685,180921.19589041095
1686,180921.19589041095
1687,180921.19589041095
1688,180921.19589041095
1689,180921.19589041095
1690,180921.19589041095
1691,180921.19589041095
1692,180921.19589041095
1693,180921.19589041095
1694,180921.19589041095
1695,180921.19589041095
1696,180921.19589041095
1697,180921.19589041095
1698,180921.19589041095
1699,180921.19589041095
1700,180921.19589041095
1701,180921.19589041095
1702,180921.19589041095
1703,180921.19589041095
1704,180921.19589041095
1705,180921.19589041095
1706,180921.19589041095
1707,180921.19589041095
1708,180921.19589041095
1709,180921.19589041095
1710,180921.19589041095
1711,180921.19589041095
1712,180921.19589041095
1713,180921.19589041095
1714,180921.19589041095
1715,180921.19589041095
1716,180921.19589041095
1717,180921.19589041095
1718,180921.19589041095
1719,180921.19589041095
1720,180921.19589041095
1721,180921.19589041095
1722,180921.19589041095
1723,180921.19589041095
1724,180921.19589041095
1725,180921.19589041095
1726,180921.19589041095
1727,180921.19589041095
1728,180921.19589041095
1729,180921.19589041095
1730,180921.19589041095
1731,180921.19589041095
1732,180921.19589041095
1733,180921.19589041095
1734,180921.19589041095
1735,180921.19589041095
1736,180921.19589041095
1737,180921.19589041095
1738,180921.19589041095
1739,180921.19589041095
1740,180921.19589041095
1741,180921.19589041095
1742,180921.19589041095
1743,180921.19589041095
1744,180921.19589041095
1745,180921.19589041095
1746,180921.19589041095
1747,180921.19589041095
1748,180921.19589041095
1749,180921.19589041095
1750,180921.19589041095
1751,180921.19589041095
1752,180921.19589041095
1753,180921.19589041095
1754,180921.19589041095
1755,180921.19589041095
1756,180921.19589041095
1757,180921.19589041095
1758,180921.19589041095
1759,180921.19589041095
1760,180921.19589041095
1761,180921.19589041095
1762,180921.19589041095
1763,180921.19589041095
1764,180921.19589041095
1765,180921.19589041095
1766,180921.19589041095
1767,180921.19589041095
1768,180921.19589041095
1769,180921.19589041095
1770,180921.19589041095
1771,180921.19589041095
1772,180921.19589041095
1773,180921.19589041095
1774,180921.19589041095
1775,180921.19589041095
1776,180921.19589041095
1777,180921.19589041095
1778,180921.19589041095
1779,180921.19589041095
1780,180921.19589041095
1781,180921.19589041095
1782,180921.19589041095
1783,180921.19589041095
1784,180921.19589041095
1785,180921.19589041095
1786,180921.19589041095
1787,180921.19589041095
1788,180921.19589041095
1789,180921.19589041095
1790,180921.19589041095
1791,180921.19589041095
1792,180921.19589041095
1793,180921.19589041095
1794,180921.19589041095
1795,180921.19589041095
1796,180921.19589041095
1797,180921.19589041095
1798,180921.19589041095
1799,180921.19589041095
1800,180921.19589041095
1801,180921.19589041095
1802,180921.19589041095
1803,180921.19589041095
1804,180921.19589041095
1805,180921.19589041095
1806,180921.19589041095
1807,180921.19589041095
1808,180921.19589041095
1809,180921.19589041095
1810,180921.19589041095
1811,180921.19589041095
1812,180921.19589041095
1813,180921.19589041095
1814,180921.19589041095
1815,180921.19589041095
1816,180921.19589041095
1817,180921.19589041095
1818,180921.19589041095
1819,180921.19589041095
1820,180921.19589041095
1821,180921.19589041095
1822,180921.19589041095
1823,180921.19589041095
1824,180921.19589041095
1825,180921.19589041095
1826,180921.19589041095
1827,180921.19589041095
1828,180921.19589041095
1829,180921.19589041095
1830,180921.19589041095
1831,180921.19589041095
1832,180921.19589041095
1833,180921.19589041095
1834,180921.19589041095
1835,180921.19589041095
1836,180921.19589041095
1837,180921.19589041095
1838,180921.19589041095
1839,180921.19589041095
1840,180921.19589041095
1841,180921.19589041095
1842,180921.19589041095
1843,180921.19589041095
1844,180921.19589041095
1845,180921.19589041095
1846,180921.19589041095
1847,180921.19589041095
1848,180921.19589041095
1849,180921.19589041095
1850,180921.19589041095
1851,180921.19589041095
1852,180921.19589041095
1853,180921.19589041095
1854,180921.19589041095
1855,180921.19589041095
1856,180921.19589041095
1857,180921.19589041095
1858,180921.19589041095
1859,180921.19589041095
1860,180921.19589041095
1861,180921.19589041095
1862,180921.19589041095
1863,180921.19589041095
1864,180921.19589041095
1865,180921.19589041095
1866,180921.19589041095
1867,180921.19589041095
1868,180921.19589041095
1869,180921.19589041095
1870,180921.19589041095
1871,180921.19589041095
1872,180921.19589041095
1873,180921.19589041095
1874,180921.19589041095
1875,180921.19589041095
1876,180921.19589041095
1877,180921.19589041095
1878,180921.19589041095
1879,180921.19589041095
1880,180921.19589041095
1881,180921.19589041095
1882,180921.19589041095
1883,180921.19589041095
1884,180921.19589041095
1885,180921.19589041095
1886,180921.19589041095
1887,180921.19589041095
1888,180921.19589041095
1889,180921.19589041095
1890,180921.19589041095
1891,180921.19589041095
1892,180921.19589041095
1893,180921.19589041095
1894,180921.19589041095
1895,180921.19589041095
1896,180921.19589041095
1897,180921.19589041095
1898,180921.19589041095
1899,180921.19589041095
1900,180921.19589041095
1901,180921.19589041095
1902,180921.19589041095
1903,180921.19589041095
1904,180921.19589041095
1905,180921.19589041095
1906,180921.19589041095
1907,180921.19589041095
1908,180921.19589041095
1909,180921.19589041095
1910,180921.19589041095
1911,180921.19589041095
1912,180921.19589041095
1913,180921.19589041095
1914,180921.19589041095
1915,180921.19589041095
1916,180921.19589041095
1917,180921.19589041095
1918,180921.19589041095
1919,180921.19589041095
1920,180921.19589041095
1921,180921.19589041095
1922,180921.19589041095
1923,180921.19589041095
1924,180921.19589041095
1925,180921.19589041095
1926,180921.19589041095
1927,180921.19589041095
1928,180921.19589041095
1929,180921.19589041095
1930,180921.19589041095
1931,180921.19589041095
1932,180921.19589041095
1933,180921.19589041095
1934,180921.19589041095
1935,180921.19589041095
1936,180921.19589041095
1937,180921.19589041095
1938,180921.19589041095
1939,180921.19589041095
1940,180921.19589041095
1941,180921.19589041095
1942,180921.19589041095
1943,180921.19589041095
1944,180921.19589041095
1945,180921.19589041095
1946,180921.19589041095
1947,180921.19589041095
1948,180921.19589041095
1949,180921.19589041095
1950,180921.19589041095
1951,180921.19589041095
1952,180921.19589041095
1953,180921.19589041095
1954,180921.19589041095
1955,180921.19589041095
1956,180921.19589041095
1957,180921.19589041095
1958,180921.19589041095
1959,180921.19589041095
1960,180921.19589041095
1961,180921.19589041095
1962,180921.19589041095
1963,180921.19589041095
1964,180921.19589041095
1965,180921.19589041095
1966,180921.19589041095
1967,180921.19589041095
1968,180921.19589041095
1969,180921.19589041095
1970,180921.19589041095
1971,180921.19589041095
1972,180921.19589041095
1973,180921.19589041095
1974,180921.19589041095
1975,180921.19589041095
1976,180921.19589041095
1977,180921.19589041095
1978,180921.19589041095
1979,180921.19589041095
1980,180921.19589041095
1981,180921.19589041095
1982,180921.19589041095
1983,180921.19589041095
1984,180921.19589041095
1985,180921.19589041095
1986,180921.19589041095
1987,180921.19589041095
1988,180921.19589041095
1989,180921.19589041095
1990,180921.19589041095
1991,180921.19589041095
1992,180921.19589041095
1993,180921.19589041095
1994,180921.19589041095
1995,180921.19589041095
1996,180921.19589041095
1997,180921.19589041095
1998,180921.19589041095
1999,180921.19589041095
2000,180921.19589041095
2001,180921.19589041095
2002,180921.19589041095
2003,180921.19589041095
2004,180921.19589041095
2005,180921.19589041095
2006,180921.19589041095
2007,180921.19589041095
2008,180921.19589041095
2009,180921.19589041095
2010,180921.19589041095
2011,180921.19589041095
2012,180921.19589041095
2013,180921.19589041095
2014,180921.19589041095
2015,180921.19589041095
2016,180921.19589041095
2017,180921.19589041095
2018,180921.19589041095
2019,180921.19589041095
2020,180921.19589041095
2021,180921.19589041095
2022,180921.19589041095
2023,180921.19589041095
2024,180921.19589041095
2025,180921.19589041095
2026,180921.19589041095
2027,180921.19589041095
2028,180921.19589041095
2029,180921.19589041095
2030,180921.19589041095
2031,180921.19589041095
2032,180921.19589041095
2033,180921.19589041095
2034,180921.19589041095
2035,180921.19589041095
2036,180921.19589041095
2037,180921.19589041095
2038,180921.19589041095
2039,180921.19589041095
2040,180921.19589041095
2041,180921.19589041095
2042,180921.19589041095
2043,180921.19589041095
2044,180921.19589041095
2045,180921.19589041095
2046,180921.19589041095
2047,180921.19589041095
2048,180921.19589041095
2049,180921.19589041095
2050,180921.19589041095
2051,180921.19589041095
2052,180921.19589041095
2053,180921.19589041095
2054,180921.19589041095
2055,180921.19589041095
2056,180921.19589041095
2057,180921.19589041095
2058,180921.19589041095
2059,180921.19589041095
2060,180921.19589041095
2061,180921.19589041095
2062,180921.19589041095
2063,180921.19589041095
2064,180921.19589041095
2065,180921.19589041095
2066,180921.19589041095
2067,180921.19589041095
2068,180921.19589041095
2069,180921.19589041095
2070,180921.19589041095
2071,180921.19589041095
2072,180921.19589041095
2073,180921.19589041095
2074,180921.19589041095
2075,180921.19589041095
2076,180921.19589041095
2077,180921.19589041095
2078,180921.19589041095
2079,180921.19589041095
2080,180921.19589041095
2081,180921.19589041095
2082,180921.19589041095
2083,180921.19589041095
2084,180921.19589041095
2085,180921.19589041095
2086,180921.19589041095
2087,180921.19589041095
2088,180921.19589041095
2089,180921.19589041095
2090,180921.19589041095
2091,180921.19589041095
2092,180921.19589041095
2093,180921.19589041095
2094,180921.19589041095
2095,180921.19589041095
2096,180921.19589041095
2097,180921.19589041095
2098,180921.19589041095
2099,180921.19589041095
2100,180921.19589041095
2101,180921.19589041095
2102,180921.19589041095
2103,180921.19589041095
2104,180921.19589041095
2105,180921.19589041095
2106,180921.19589041095
2107,180921.19589041095
2108,180921.19589041095
2109,180921.19589041095
2110,180921.19589041095
2111,180921.19589041095
2112,180921.19589041095
2113,180921.19589041095
2114,180921.19589041095
2115,180921.19589041095
2116,180921.19589041095
2117,180921.19589041095
2118,180921.19589041095
2119,180921.19589041095
2120,180921.19589041095
2121,180921.19589041095
2122,180921.19589041095
2123,180921.19589041095
2124,180921.19589041095
2125,180921.19589041095
2126,180921.19589041095
2127,180921.19589041095
2128,180921.19589041095
2129,180921.19589041095
2130,180921.19589041095
2131,180921.19589041095
2132,180921.19589041095
2133,180921.19589041095
2134,180921.19589041095
2135,180921.19589041095
2136,180921.19589041095
2137,180921.19589041095
2138,180921.19589041095
2139,180921.19589041095
2140,180921.19589041095
2141,180921.19589041095
2142,180921.19589041095
2143,180921.19589041095
2144,180921.19589041095
2145,180921.19589041095
2146,180921.19589041095
2147,180921.19589041095
2148,180921.19589041095
2149,180921.19589041095
2150,180921.19589041095
2151,180921.19589041095
2152,180921.19589041095
2153,180921.19589041095
2154,180921.19589041095
2155,180921.19589041095
2156,180921.19589041095
2157,180921.19589041095
2158,180921.19589041095
2159,180921.19589041095
2160,180921.19589041095
2161,180921.19589041095
2162,180921.19589041095
2163,180921.19589041095
2164,180921.19589041095
2165,180921.19589041095
2166,180921.19589041095
2167,180921.19589041095
2168,180921.19589041095
2169,180921.19589041095
2170,180921.19589041095
2171,180921.19589041095
2172,180921.19589041095
2173,180921.19589041095
2174,180921.19589041095
2175,180921.19589041095
2176,180921.19589041095
2177,180921.19589041095
2178,180921.19589041095
2179,180921.19589041095
2180,180921.19589041095
2181,180921.19589041095
2182,180921.19589041095
2183,180921.19589041095
2184,180921.19589041095
2185,180921.19589041095
2186,180921.19589041095
2187,180921.19589041095
2188,180921.19589041095
2189,180921.19589041095
2190,180921.19589041095
2191,180921.19589041095
2192,180921.19589041095
2193,180921.19589041095
2194,180921.19589041095
2195,180921.19589041095
2196,180921.19589041095
2197,180921.19589041095
2198,180921.19589041095
2199,180921.19589041095
2200,180921.19589041095
2201,180921.19589041095
2202,180921.19589041095
2203,180921.19589041095
2204,180921.19589041095
2205,180921.19589041095
2206,180921.19589041095
2207,180921.19589041095
2208,180921.19589041095
2209,180921.19589041095
2210,180921.19589041095
2211,180921.19589041095
2212,180921.19589041095
2213,180921.19589041095
2214,180921.19589041095
2215,180921.19589041095
2216,180921.19589041095
2217,180921.19589041095
2218,180921.19589041095
2219,180921.19589041095
2220,180921.19589041095
2221,180921.19589041095
2222,180921.19589041095
2223,180921.19589041095
2224,180921.19589041095
2225,180921.19589041095
2226,180921.19589041095
2227,180921.19589041095
2228,180921.19589041095
2229,180921.19589041095
2230,180921.19589041095
2231,180921.19589041095
2232,180921.19589041095
2233,180921.19589041095
2234,180921.19589041095
2235,180921.19589041095
2236,180921.19589041095
2237,180921.19589041095
2238,180921.19589041095
2239,180921.19589041095
2240,180921.19589041095
2241,180921.19589041095
2242,180921.19589041095
2243,180921.19589041095
2244,180921.19589041095
2245,180921.19589041095
2246,180921.19589041095
2247,180921.19589041095
2248,180921.19589041095
2249,180921.19589041095
2250,180921.19589041095
2251,180921.19589041095
2252,180921.19589041095
2253,180921.19589041095
2254,180921.19589041095
2255,180921.19589041095
2256,180921.19589041095
2257,180921.19589041095
2258,180921.19589041095
2259,180921.19589041095
2260,180921.19589041095
2261,180921.19589041095
2262,180921.19589041095
2263,180921.19589041095
2264,180921.19589041095
2265,180921.19589041095
2266,180921.19589041095
2267,180921.19589041095
2268,180921.19589041095
2269,180921.19589041095
2270,180921.19589041095
2271,180921.19589041095
2272,180921.19589041095
2273,180921.19589041095
2274,180921.19589041095
2275,180921.19589041095
2276,180921.19589041095
2277,180921.19589041095
2278,180921.19589041095
2279,180921.19589041095
2280,180921.19589041095
2281,180921.19589041095
2282,180921.19589041095
2283,180921.19589041095
2284,180921.19589041095
2285,180921.19589041095
2286,180921.19589041095
2287,180921.19589041095
2288,180921.19589041095
2289,180921.19589041095
2290,180921.19589041095
2291,180921.19589041095
2292,180921.19589041095
2293,180921.19589041095
2294,180921.19589041095
2295,180921.19589041095
2296,180921.19589041095
2297,180921.19589041095
2298,180921.19589041095
2299,180921.19589041095
2300,180921.19589041095
2301,180921.19589041095
2302,180921.19589041095
2303,180921.19589041095
2304,180921.19589041095
2305,180921.19589041095
2306,180921.19589041095
2307,180921.19589041095
2308,180921.19589041095
2309,180921.19589041095
2310,180921.19589041095
2311,180921.19589041095
2312,180921.19589041095
2313,180921.19589041095
2314,180921.19589041095
2315,180921.19589041095
2316,180921.19589041095
2317,180921.19589041095
2318,180921.19589041095
2319,180921.19589041095
2320,180921.19589041095
2321,180921.19589041095
2322,180921.19589041095
2323,180921.19589041095
2324,180921.19589041095
2325,180921.19589041095
2326,180921.19589041095
2327,180921.19589041095
2328,180921.19589041095
2329,180921.19589041095
2330,180921.19589041095
2331,180921.19589041095
2332,180921.19589041095
2333,180921.19589041095
2334,180921.19589041095
2335,180921.19589041095
2336,180921.19589041095
2337,180921.19589041095
2338,180921.19589041095
2339,180921.19589041095
2340,180921.19589041095
2341,180921.19589041095
2342,180921.19589041095
2343,180921.19589041095
2344,180921.19589041095
2345,180921.19589041095
2346,180921.19589041095
2347,180921.19589041095
2348,180921.19589041095
2349,180921.19589041095
2350,180921.19589041095
2351,180921.19589041095
2352,180921.19589041095
2353,180921.19589041095
2354,180921.19589041095
2355,180921.19589041095
2356,180921.19589041095
2357,180921.19589041095
2358,180921.19589041095
2359,180921.19589041095
2360,180921.19589041095
2361,180921.19589041095
2362,180921.19589041095
2363,180921.19589041095
2364,180921.19589041095
2365,180921.19589041095
2366,180921.19589041095
2367,180921.19589041095
2368,180921.19589041095
2369,180921.19589041095
2370,180921.19589041095
2371,180921.19589041095
2372,180921.19589041095
2373,180921.19589041095
2374,180921.19589041095
2375,180921.19589041095
2376,180921.19589041095
2377,180921.19589041095
2378,180921.19589041095
2379,180921.19589041095
2380,180921.19589041095
2381,180921.19589041095
2382,180921.19589041095
2383,180921.19589041095
2384,180921.19589041095
2385,180921.19589041095
2386,180921.19589041095
2387,180921.19589041095
2388,180921.19589041095
2389,180921.19589041095
2390,180921.19589041095
2391,180921.19589041095
2392,180921.19589041095
2393,180921.19589041095
2394,180921.19589041095
2395,180921.19589041095
2396,180921.19589041095
2397,180921.19589041095
2398,180921.19589041095
2399,180921.19589041095
2400,180921.19589041095
2401,180921.19589041095
2402,180921.19589041095
2403,180921.19589041095
2404,180921.19589041095
2405,180921.19589041095
2406,180921.19589041095
2407,180921.19589041095
2408,180921.19589041095
2409,180921.19589041095
2410,180921.19589041095
2411,180921.19589041095
2412,180921.19589041095
2413,180921.19589041095
2414,180921.19589041095
2415,180921.19589041095
2416,180921.19589041095
2417,180921.19589041095
2418,180921.19589041095
2419,180921.19589041095
2420,180921.19589041095
2421,180921.19589041095
2422,180921.19589041095
2423,180921.19589041095
2424,180921.19589041095
2425,180921.19589041095
2426,180921.19589041095
2427,180921.19589041095
2428,180921.19589041095
2429,180921.19589041095
2430,180921.19589041095
2431,180921.19589041095
2432,180921.19589041095
2433,180921.19589041095
2434,180921.19589041095
2435,180921.19589041095
2436,180921.19589041095
2437,180921.19589041095
2438,180921.19589041095
2439,180921.19589041095
2440,180921.19589041095
2441,180921.19589041095
2442,180921.19589041095
2443,180921.19589041095
2444,180921.19589041095
2445,180921.19589041095
2446,180921.19589041095
2447,180921.19589041095
2448,180921.19589041095
2449,180921.19589041095
2450,180921.19589041095
2451,180921.19589041095
2452,180921.19589041095
2453,180921.19589041095
2454,180921.19589041095
2455,180921.19589041095
2456,180921.19589041095
2457,180921.19589041095
2458,180921.19589041095
2459,180921.19589041095
2460,180921.19589041095
2461,180921.19589041095
2462,180921.19589041095
2463,180921.19589041095
2464,180921.19589041095
2465,180921.19589041095
2466,180921.19589041095
2467,180921.19589041095
2468,180921.19589041095
2469,180921.19589041095
2470,180921.19589041095
2471,180921.19589041095
2472,180921.19589041095
2473,180921.19589041095
2474,180921.19589041095
2475,180921.19589041095
2476,180921.19589041095
2477,180921.19589041095
2478,180921.19589041095
2479,180921.19589041095
2480,180921.19589041095
2481,180921.19589041095
2482,180921.19589041095
2483,180921.19589041095
2484,180921.19589041095
2485,180921.19589041095
2486,180921.19589041095
2487,180921.19589041095
2488,180921.19589041095
2489,180921.19589041095
2490,180921.19589041095
2491,180921.19589041095
2492,180921.19589041095
2493,180921.19589041095
2494,180921.19589041095
2495,180921.19589041095
2496,180921.19589041095
2497,180921.19589041095
2498,180921.19589041095
2499,180921.19589041095
2500,180921.19589041095
2501,180921.19589041095
2502,180921.19589041095
2503,180921.19589041095
2504,180921.19589041095
2505,180921.19589041095
2506,180921.19589041095
2507,180921.19589041095
2508,180921.19589041095
2509,180921.19589041095
2510,180921.19589041095
2511,180921.19589041095
2512,180921.19589041095
2513,180921.19589041095
2514,180921.19589041095
2515,180921.19589041095
2516,180921.19589041095
2517,180921.19589041095
2518,180921.19589041095
2519,180921.19589041095
2520,180921.19589041095
2521,180921.19589041095
2522,180921.19589041095
2523,180921.19589041095
2524,180921.19589041095
2525,180921.19589041095
2526,180921.19589041095
2527,180921.19589041095
2528,180921.19589041095
2529,180921.19589041095
2530,180921.19589041095
2531,180921.19589041095
2532,180921.19589041095
2533,180921.19589041095
2534,180921.19589041095
2535,180921.19589041095
2536,180921.19589041095
2537,180921.19589041095
2538,180921.19589041095
2539,180921.19589041095
2540,180921.19589041095
2541,180921.19589041095
2542,180921.19589041095
2543,180921.19589041095
2544,180921.19589041095
2545,180921.19589041095
2546,180921.19589041095
2547,180921.19589041095
2548,180921.19589041095
2549,180921.19589041095
2550,180921.19589041095
2551,180921.19589041095
2552,180921.19589041095
2553,180921.19589041095
2554,180921.19589041095
2555,180921.19589041095
2556,180921.19589041095
2557,180921.19589041095
2558,180921.19589041095
2559,180921.19589041095
2560,180921.19589041095
2561,180921.19589041095
2562,180921.19589041095
2563,180921.19589041095
2564,180921.19589041095
2565,180921.19589041095
2566,180921.19589041095
2567,180921.19589041095
2568,180921.19589041095
2569,180921.19589041095
2570,180921.19589041095
2571,180921.19589041095
2572,180921.19589041095
2573,180921.19589041095
2574,180921.19589041095
2575,180921.19589041095
2576,180921.19589041095
2577,180921.19589041095
2578,180921.19589041095
2579,180921.19589041095
2580,180921.19589041095
2581,180921.19589041095
2582,180921.19589041095
2583,180921.19589041095
2584,180921.19589041095
2585,180921.19589041095
2586,180921.19589041095
2587,180921.19589041095
2588,180921.19589041095
2589,180921.19589041095
2590,180921.19589041095
2591,180921.19589041095
2592,180921.19589041095
2593,180921.19589041095
2594,180921.19589041095
2595,180921.19589041095
2596,180921.19589041095
2597,180921.19589041095
2598,180921.19589041095
2599,180921.19589041095
2600,180921.19589041095
2601,180921.19589041095
2602,180921.19589041095
2603,180921.19589041095
2604,180921.19589041095
2605,180921.19589041095
2606,180921.19589041095
2607,180921.19589041095
2608,180921.19589041095
2609,180921.19589041095
2610,180921.19589041095
2611,180921.19589041095
2612,180921.19589041095
2613,180921.19589041095
2614,180921.19589041095
2615,180921.19589041095
2616,180921.19589041095
2617,180921.19589041095
2618,180921.19589041095
2619,180921.19589041095
2620,180921.19589041095
2621,180921.19589041095
2622,180921.19589041095
2623,180921.19589041095
2624,180921.19589041095
2625,180921.19589041095
2626,180921.19589041095
2627,180921.19589041095
2628,180921.19589041095
2629,180921.19589041095
2630,180921.19589041095
2631,180921.19589041095
2632,180921.19589041095
2633,180921.19589041095
2634,180921.19589041095
2635,180921.19589041095
2636,180921.19589041095
2637,180921.19589041095
2638,180921.19589041095
2639,180921.19589041095
2640,180921.19589041095
2641,180921.19589041095
2642,180921.19589041095
2643,180921.19589041095
2644,180921.19589041095
2645,180921.19589041095
2646,180921.19589041095
2647,180921.19589041095
2648,180921.19589041095
2649,180921.19589041095
2650,180921.19589041095
2651,180921.19589041095
2652,180921.19589041095
2653,180921.19589041095
2654,180921.19589041095
2655,180921.19589041095
2656,180921.19589041095
2657,180921.19589041095
2658,180921.19589041095
2659,180921.19589041095
2660,180921.19589041095
2661,180921.19589041095
2662,180921.19589041095
2663,180921.19589041095
2664,180921.19589041095
2665,180921.19589041095
2666,180921.19589041095
2667,180921.19589041095
2668,180921.19589041095
2669,180921.19589041095
2670,180921.19589041095
2671,180921.19589041095
2672,180921.19589041095
2673,180921.19589041095
2674,180921.19589041095
2675,180921.19589041095
2676,180921.19589041095
2677,180921.19589041095
2678,180921.19589041095
2679,180921.19589041095
2680,180921.19589041095
2681,180921.19589041095
2682,180921.19589041095
2683,180921.19589041095
2684,180921.19589041095
2685,180921.19589041095
2686,180921.19589041095
2687,180921.19589041095
2688,180921.19589041095
2689,180921.19589041095
2690,180921.19589041095
2691,180921.19589041095
2692,180921.19589041095
2693,180921.19589041095
2694,180921.19589041095
2695,180921.19589041095
2696,180921.19589041095
2697,180921.19589041095
2698,180921.19589041095
2699,180921.19589041095
2700,180921.19589041095
2701,180921.19589041095
2702,180921.19589041095
2703,180921.19589041095
2704,180921.19589041095
2705,180921.19589041095
2706,180921.19589041095
2707,180921.19589041095
2708,180921.19589041095
2709,180921.19589041095
2710,180921.19589041095
2711,180921.19589041095
2712,180921.19589041095
2713,180921.19589041095
2714,180921.19589041095
2715,180921.19589041095
2716,180921.19589041095
2717,180921.19589041095
2718,180921.19589041095
2719,180921.19589041095
2720,180921.19589041095
2721,180921.19589041095
2722,180921.19589041095
2723,180921.19589041095
2724,180921.19589041095
2725,180921.19589041095
2726,180921.19589041095
2727,180921.19589041095
2728,180921.19589041095
2729,180921.19589041095
2730,180921.19589041095
2731,180921.19589041095
2732,180921.19589041095
2733,180921.19589041095
2734,180921.19589041095
2735,180921.19589041095
2736,180921.19589041095
2737,180921.19589041095
2738,180921.19589041095
2739,180921.19589041095
2740,180921.19589041095
2741,180921.19589041095
2742,180921.19589041095
2743,180921.19589041095
2744,180921.19589041095
2745,180921.19589041095
2746,180921.19589041095
2747,180921.19589041095
2748,180921.19589041095
2749,180921.19589041095
2750,180921.19589041095
2751,180921.19589041095
2752,180921.19589041095
2753,180921.19589041095
2754,180921.19589041095
2755,180921.19589041095
2756,180921.19589041095
2757,180921.19589041095
2758,180921.19589041095
2759,180921.19589041095
2760,180921.19589041095
2761,180921.19589041095
2762,180921.19589041095
2763,180921.19589041095
2764,180921.19589041095
2765,180921.19589041095
2766,180921.19589041095
2767,180921.19589041095
2768,180921.19589041095
2769,180921.19589041095
2770,180921.19589041095
2771,180921.19589041095
2772,180921.19589041095
2773,180921.19589041095
2774,180921.19589041095
2775,180921.19589041095
2776,180921.19589041095
2777,180921.19589041095
2778,180921.19589041095
2779,180921.19589041095
2780,180921.19589041095
2781,180921.19589041095
2782,180921.19589041095
2783,180921.19589041095
2784,180921.19589041095
2785,180921.19589041095
2786,180921.19589041095
2787,180921.19589041095
2788,180921.19589041095
2789,180921.19589041095
2790,180921.19589041095
2791,180921.19589041095
2792,180921.19589041095
2793,180921.19589041095
2794,180921.19589041095
2795,180921.19589041095
2796,180921.19589041095
2797,180921.19589041095
2798,180921.19589041095
2799,180921.19589041095
2800,180921.19589041095
2801,180921.19589041095
2802,180921.19589041095
2803,180921.19589041095
2804,180921.19589041095
2805,180921.19589041095
2806,180921.19589041095
2807,180921.19589041095
2808,180921.19589041095
2809,180921.19589041095
2810,180921.19589041095
2811,180921.19589041095
2812,180921.19589041095
2813,180921.19589041095
2814,180921.19589041095
2815,180921.19589041095
2816,180921.19589041095
2817,180921.19589041095
2818,180921.19589041095
2819,180921.19589041095
2820,180921.19589041095
2821,180921.19589041095
2822,180921.19589041095
2823,180921.19589041095
2824,180921.19589041095
2825,180921.19589041095
2826,180921.19589041095
2827,180921.19589041095
2828,180921.19589041095
2829,180921.19589041095
2830,180921.19589041095
2831,180921.19589041095
2832,180921.19589041095
2833,180921.19589041095
2834,180921.19589041095
2835,180921.19589041095
2836,180921.19589041095
2837,180921.19589041095
2838,180921.19589041095
2839,180921.19589041095
2840,180921.19589041095
2841,180921.19589041095
2842,180921.19589041095
2843,180921.19589041095
2844,180921.19589041095
2845,180921.19589041095
2846,180921.19589041095
2847,180921.19589041095
2848,180921.19589041095
2849,180921.19589041095
2850,180921.19589041095
2851,180921.19589041095
2852,180921.19589041095
2853,180921.19589041095
2854,180921.19589041095
2855,180921.19589041095
2856,180921.19589041095
2857,180921.19589041095
2858,180921.19589041095
2859,180921.19589041095
2860,180921.19589041095
2861,180921.19589041095
2862,180921.19589041095
2863,180921.19589041095
2864,180921.19589041095
2865,180921.19589041095
2866,180921.19589041095
2867,180921.19589041095
2868,180921.19589041095
2869,180921.19589041095
2870,180921.19589041095
2871,180921.19589041095
2872,180921.19589041095
2873,180921.19589041095
2874,180921.19589041095
2875,180921.19589041095
2876,180921.19589041095
2877,180921.19589041095
2878,180921.19589041095
2879,180921.19589041095
2880,180921.19589041095
2881,180921.19589041095
2882,180921.19589041095
2883,180921.19589041095
2884,180921.19589041095
2885,180921.19589041095
2886,180921.19589041095
2887,180921.19589041095
2888,180921.19589041095
2889,180921.19589041095
2890,180921.19589041095
2891,180921.19589041095
2892,180921.19589041095
2893,180921.19589041095
2894,180921.19589041095
2895,180921.19589041095
2896,180921.19589041095
2897,180921.19589041095
2898,180921.19589041095
2899,180921.19589041095
2900,180921.19589041095
2901,180921.19589041095
2902,180921.19589041095
2903,180921.19589041095
2904,180921.19589041095
2905,180921.19589041095
2906,180921.19589041095
2907,180921.19589041095
2908,180921.19589041095
2909,180921.19589041095
2910,180921.19589041095
2911,180921.19589041095
2912,180921.19589041095
2913,180921.19589041095
2914,180921.19589041095
2915,180921.19589041095
2916,180921.19589041095
2917,180921.19589041095
2918,180921.19589041095
2919,180921.19589041095
>>>>>>> 2a9062c51a0754a93a01446d84bf61ec8755369a
